real, real
problem, problema
idea, ideia
move, mover
car, carro
'cause, 'causa
dr, dr
amy, amy
case, caso
live, viver
plan, plano
simpson, simpson
face, face
minute, minuto
minutes, minutos
mine, minha
jesus, Jesus
perfect, perfeito
totally, totalmente
sex, sexo
howard, Howard
sherlock, sherlock
different, diferente
ho, ho
peralta, peralta
completely, completamente
important, importante
finally, finalmente
men, homens
walter, Walter
special, especial
definitely, definitivamente
rosa, rosa
gina, gina
absolutely, absolutamente
jack, Jack
human, humano
interesting, interessante
favorite, favorito
raj, raj
chance, chance
class, classe
control, ao controle
simple, simples
peter, Peter
bernadette, bernadette
sense, senso
calm, calma
la, la
ross, ross
joey, joey
@elder_man, @elder_man
quiet, quieto
except, exceto
hoo, hoo
apparently, aparentemente
detective, detetive
line, linha
sarge, sargento
super, super
supposed, suposto
appreciate, apreciar
freddie, freddie
moment, momento
gus, gus
moe, moe
saul, saul
heh, eh
stuart, Stuart
doctor, doutor
top, topo
gay, gay
prison, prisão
message, mensagem
idiot, idiota
kyle, kyle
papa, papai
situation, situação
professor, professor
company, companhia
santiago, santiago
product, produtos
mary, Mary
relax, relaxar
robot, robô
ben, ben
stan, stan
rich, rico
system, sistema
present, presente
conversation, conversação
figure, figura
fact, facto
hero, herói
american, americano
brock, brock
apartment, apartamento
cancer, Câncer
list, Lista
normal, normal
hospital, hospital
surprise, surpresa
respect, respeito
along, ao longo
scully, scully
rachel, Rachel
band, banda
chocolate, chocolate
offer, oferta
princess, Princesa
milhouse, milhouse
pass, passar
ridiculous, ridículo
future, futuro
holmes, holmes
de, de
favor, Favor
diaz, diaz
lenny, lenny
paper, papel
natural, natural
shrek, shrek
service, serviço
kevin, Kevin
president, Presidente
giant, gigante
brilliant, brilhante
excellent, excelente
professional, profissional
timmy, timmy
ned, ned
ricky, ricky
exciting, excitante
test, teste
steve, steve
eric, eric
computer, computador
monster, monstro
pizza, pizza
private, privado
extra, extra
assistant, assistente
complete, completo
charlie, Charlie
interested, interessado
total, total
grand, grande
tuco, tuco
smurf, smurf
obvious, óbvio
crime, crime
heisenberg, heisenberg
passed, passado
jimmy, Jimmy
especially, especialmente
mission, missão
sexy, sexy
george, Jorge
er, er
art, arte
imagine, Imagine
alex, alex
watson, Watson
text, texto
experience, experiência
public, público
honest, honesto
animals, animais
problems, problemas
ted, ted
strange, estranho
camera, Câmera
classic, clássico
po, po
presented, apresentado
consider, considerar
evidence, evidência
insane, insano
necessary, necessário
west, Oeste
progress, progresso
animal, animal
nervous, nervoso
dea, dea
escape, escapar
difference, diferença
opinion, opinião
admit, Admitem
tony, tony
destroy, destruir
planet, planeta
criminal, Criminoso
final, final
agent, agente
stanley, Stanley
usually, usualmente
roger, Roger
grade, grau
complicated, complicado
restaurant, restaurante
regular, regular
zero, zero
bomb, bombear
chi, chi
emergency, emergência
impossible, impossível
marcel, marcelo
ample, amplo
marcus, marco
sandwich, sanduíche
wendy, Wendy
ex, ex
immediately, imediatamente
figured, figurado
plant, plantar
joe, joe
romantic, romântico
fiona, fiona
decided, decidiu
credit, crédito
pressure, pressão
contact, contato
correct, correto
prove, provar
delicious, delicioso
club, clube
panda, panda
koothrappali, koothrappali
north, norte
albuquerque, albuquerque
treatment, tratamento
methylamine, metilamina
original, original
experiment, experimentar
maggie, maggie
d'oh, d'oh
gretchen, gretchen
rent, renda
department, departamento
un, un
jeffords, jeffords
fantastic, fantástico
support, Apoio, suporte
mama, mamãe
study, estude
bacon, bacon
bus, ônibus
cause, causa
interest, interesse
el, el
surprised, surpreso
nelson, Nelson
shopping, Shopping
nypd, nypd
yay, yay
bing, bing
moe's, moe's
indian, indiano
program, programa
responsibility, responsabilidade
plans, planos
elliott, Elliot
decision, decisão
illegal, ilegal
government, governo
universe, universo
justice, justiça
risk, risco
todd, todd
nuclear, nuclear
larry, larry
abe, abe
involved, envolvido
impressive, impressionante
distribution, distribuição
vote, voto
recommend, recomendar
nature, natureza
focus, foco
familiar, familiar
international, internacional
sã, sã
cruel, cruel
hollywood, hollywood
circus, circo
phillip, Filipe
simpsons, simpsons
decide, decidir
offense, ofensa
chinese, chinês
area, área
introduce, introduzir
cable, cabo
appropriate, apropriado
doo, doo
solve, resolver
film, filme
online, on-line
repeat, repetir
lou, lou
lisa's, de lisa
michael, Michael
community, comunidade
oscar, oscar
fred, Fred
energy, energia
scientist, cientista
model, modelo
official, oficial
duh, duh
accident, acidente
james, James
color, cor
nerd, nerd
orders, ordens
gracias, gracias
sã­, sã
protect, proteger
mark, marca
fresh, fresco
brooklyn, brooklyn
seymour, seymour
carol, Carol
satan, satanás
jules, jules
eurus, euro
smurfs, Smurfs
hackus, hack
bang, bang
basically, basicamente
carry, carregar
famous, famoso
bonnie, bonnie
recently, recentemente
scene, cena
territory, território
battery, bateria
plane, plano
states, estados
elementary, elementar
willie, Willie
yogurt, iogurte
fraud, fraude
sports, Esportes
visit, Visita
ocean, oceano
pilot, piloto
opportunity, oportunidade
social, social
fortune, fortuna
transcript, transcrição
agents, agentes
mars, marte
christ, Cristo
metal, metal
local, local
pathetic, patético
certain, certo
cartel, cartel
jazz, jazz
detail, detalhe
gomez, gomez
hotel, hotel
alarm, alarme
detectives, detetives
marty, marty
prepare, preparar
aboard, a bordo
choo, choo
limited, limitado
pheebs, pheebs
zoidberg, zoidberg
ogre, ogro
pip, pip
bart's, bart's
smurfette, smurfete
violence, violência
signal, sinal
fantasy, fantasia
san, san
honestly, honestamente
gomie, gomie
scientific, científico
emotional, emocional
defense, defesa
divorced, divorciado
barrels, barris
spock, spock
sexual, sexual
helen, Helena
internet, Internet
judy, judy
champagne, champanhe
electricity, eletricidade
popular, popular
mi, mi
mouse, mouse
constant, constante
rosie, rosa
precious, precioso
moriarty, moriarty
bydem, bydem
movement, movimento
brian, Brian
press, pressione
license, licença
cigarette, cigarro
diet, dieta
percent, por cento
prefer, preferir
pete, pete
schrader, schrader
ding, ding
desperate, desesperado
specific, específico
caused, causado
commercial, comercial
muy, muy
general, em geral
quality, qualidade
alert, alerta
medal, medalha
anniversary, aniversário
wuntch, wuntch
salad, salada
monsters, monstros
virgin, virgem
wesley, Wesley
brennan, Brennan
hofstadter, hofstadter
lis, lis
gargamel, gargamel
rick, rick
literally, literalmente
courtesy, cortesia
los, los
pure, puro
separate, separado
responsible, responsável
considering, considerando
federal, Federal
carbon, carbono
positive, positivo
imaginary, imaginário
interrupt, interromper
equipment, equipamento
project, projeto
assuming, assumindo
incident, incidente
zone, zona
dan, dan
alcohol, álcool
doug, doug
blog, blog
buh, buh
sharon, sharon
frank, franco
considered, considerado
ralph, Ralph
miami, miami
rats, ratos
gary, gary
bong, bong
album, álbum
legend, lenda
serve, servir
formula, Fórmula
discussion, discussão
base, base
passes, passa
privacy, privacidade
negative, negativo
client, cliente
texas, texas
innocent, inocente
tall, alta
specifically, especificamente
substitute, substituto
presents, presentes
inevitable, inevitável
period, período
industrial, industrial
hector, Hector
coincidence, coincidência
status, status
planned, planejado
destiny, destino
attitude, atitude
co, co
adult, adulto
gang, gangue
humans, humanos
response, resposta
wilson, wilson
stephen, Stephen
gloria, glória
murph, murph
fu, fu
studies, estudos
smee, smee
terrance, terraço
kent, Kent
barrel, barril
dramatic, dramático
television, televisão
laser, laser
tour, Tour
blues, blues
fascinating, fascinante
negotiate, negociar
yi, yi
process, processar
parade, parada
volume, volume
invented, inventou
jackson, Jackson
confused, confuso
consequences, consequências
officially, oficialmente
salamanca, salamanca
moments, momentos
typical, típica
messages, mensagens
suggestion, sugestão
impression, impressão
cents, centavos
kirk, kirk
patrick, patrick
nancy, nancy
distract, distrair
director, diretor
punk, punk
ups, ups
pa, pa
elevator, elevador
le, le
existence, existência
steak, Steak
guard, guarda
cu, cu
russian, russo
chris, chris
bastards, bastardos
protocol, protocolo
rach, rach
li, li
ka, ka
jennifer, jennifer
mycroft, mycroft
structure, estrutura
entry, entrada
potential, potencial
musical, musical
culture, cultura
violent, violento
calendar, calendário
fixed, fixo
july, julho
beneke, beneke
margaret, margarida
parts, partes
distance, distância
gustavo, Gustavo
stranger, estranho
terms, termos
ayuda, ayuda
continues, continuou
access, Acesso
banana, banana
financial, financeiro
stands, estandes
cancel, cancelar
secretary, secretário
email, o email
te, te
billy, Billy
ai, ai
sarcasm, sarcasmo
invitation, convite
idiots, idiotas
senior, Senior
dale, vale
caio, caio
vegetarian, vegetariano
joey's, joey's
andy, andy
ronan, ronan
lilo, lilo
okja, okja
leslie, leslie
sheldon's, Sheldon's
rajesh, rajesh
india, Índia
neener, neener
andrew, andre
eliza, eliza
barry, barry
greg, Greg
capital, capital
romeo, romeu
majesty, majestade
scenario, cenário
depressed, depressivo
artist, artista
grateful, grato
acid, ácido
plastic, plástico
relaxed, relaxado
extremely, extremamente
mexico, México
prey, presa
comfort, conforto
flynn, flynn
cave, caverna
museum, museu
individual, Individual
corporate, corporativo
asac, asac
matt, mate
investigating, investigando
version, versão
ed, ed
university, universidade
central, central
massage, massagem
tragic, trágico
homicide, homicídio
crush, Crush
johnny, Johnny
personality, personalidade
dennis, denis
magnificent, magnífico
series, Series
salt, sal
precisely, precisamente
urgent, urgente
propose, propor
terry's, terry
prepared, preparado
mode, modo
scum, escumalha
stevie, stevie
adrian, Adriano
bup, bup
auto, auto
vegas, vegas
wanda, Vanda
ls, ls
military, militares
randall, Randall
china, China
zapp, zapp
lucy, Lucy
sally, sally
kung, kung
nicole, nicole
dah, dah
augustus, augusto
ike, ike
cuba, Cuba
coitus, coito
maggie's, Maggie's
wiggum, wiggum
bo, bo
gil, gil
garage, garagem
legally, legalmente
desert, deserto
dentist, dentista
emilio, emílio
ca, ca
suspect, suspeito
medicine, Medicina
exercise, exercício
success, sucesso
investment, investimento
tests, testes
causes, causas
recent, recente
necessarily, necessariamente
tio, tio
presume, presumir
funyuns, funyuns
abandoned, abandonado
triple, triplo
brandon, brandon
heisenberg's, de heisenberg
walt's, Walt's
technology, tecnologia
por, por
temperature, temperatura
california, Califórnia
occasion, ocasião
vader, vader
tock, tock
danny, danny
reality, realidade
conference, conferência
confident, confiante
nazi, nazista
skyler's, skyler's
tucker, tucker
planted, plantou
investigation, investigação
assistance, assistência
colonel, coronel
surprises, surpresas
batteries, baterias
impressed, impressionado
photo, foto
reservation, reserva
mississippi, mississipi
eventually, eventualmente
radioactive, radioativo
furious, furioso
allergies, alergias
organization, organização
canada, Canadá
asta, asta
helicopter, helicóptero
serial, serial
tv's, tv's
robert, Roberto
tacos, tacos
alternate, alternar
exist, existir
i'ii, i'ii
intelligent, inteligente
melody, melodia
riley, riley
imagination, imaginação
broadway, Broadway
molly, molly
jimbo, jimbo
golf, golfe
radical, radical
nyah, nyah
monty, monte
nobel, nobel
disneyland, disneylândia
scientists, cientistas
facebook, o Facebook
þôáí, þôáí
áõôü, áõôü
canceled, cancelado
relecture, releitura
springfield's, de springfield
homer's, de homer
selma, Selma
krusty's, Krusty's
dental, dental
images, imagens
satisfied, satisfeito
experimental, experimental
particularly, particularmente
crisis, crise
paris, Paris
promotion, promoção
crystal, cristal
schwartz, Schwartz
explosion, explosão
enormous, enorme
ingredient, ingrediente
stressed, estressado
event, evento
fund, fundo
confusion, confusão
derek, Derek
served, servido
alcoholic, alcoólico
destination, destino
interact, interagir
national, nacional
julie, julia
aha, ah
responsibilities, responsabilidades
colorado, Colorado
pressing, pressionando
benefit, beneficiar
promising, promissor
silent, silencioso
andrea, andrea
false, falso
prisoner, prisioneiro
cure, cura
alan, alan
momento, momento
possibility, possibilidade
fabulous, fabuloso
madrigal, madrigal
au, au
command, comando
cola, Cola
casino, cassino
confess, confessar
nebraska, Nebrasca
mario, mario
cabinet, gabinete
scully's, de scully
jenny, Jenny
pause, pausa
humor, humor
prostitute, prostituta
competitive, competitivo
divided, dividido
gesture, gesto
distant, distante
boston, boston
cã, cã
ce, ce
mai, maio
terrorists, terroristas
bobby, bobby
nova, nova
horror, Horror
jones, jones
las, las
depends, depende
du, du
cube, cubo
intimidating, intimidadora
angela, Ângela
taco, taco
kurt, kurt
electric, elétrico
brannigan, brannigan
conclusions, conclusões
kenny's, Kenny's
otto, otto
joel, Joel
howard's, Howard's
proposed, proposto
astrophysicist, astrofísico
äå, äå
barney, barney
szyslak, szyslak
slimu, slimu
tomato, tomate
coward, covarde
malorie, maloria
se, se
direct, direto
sensor, sensor
studio, estúdio
marching, marcha
register, registro
hitler, hitler
discuss, discutir
intervention, intervenção
tiara, tiara
communication, comunicação
louis, Louis
criminals, criminosos
spooge, spooge
multi, multi
economy, economia
vicious, vicioso
cereal, cereal
separated, separado
tumor, tumor
relative, relativo
temporary, temporário
classical, clássico
franklin, franklin
precise, preciso
argument, argumento
passport, Passaporte
talibans, talibãs
contrition, contrição
boetticher, boetticher
uhh, uhh
rogers, Rogers
dos, dos
bom, bom
internal, interno
senator, senador
becky, becky
mexican, mexicano
ehrmantraut, ehrmantraut
operate, operar
janice, Janice
ignore, ignorar
graduate, graduado
normally, normalmente
deputy, deputado
escort, escolta
sport, esporte
titanic, titânico
surrender, render
karate, karatê
dinosaur, dinossauro
presentation, apresentação
construction, construção
superior, superior
madeline, madeline
conditioner, condicionador
talent, talento
dong, dong
digital, digital
devastating, devastador
jar, jarra
beatsie, beatsie
creative, criativo
sam, sam
amsterdam, amesterdão
satan's, de satanás
show's, show's
marshmallow, marshmallow
hamilton, hamilton
marshawn, marshawn
convention, convenção
slide, slide
miniature, miniatura
sub, sub
roosevelt, roosevelt
parasite, parasita
maria, maria
latin, latim
francis, francisco
torture, tortura
humanity, humanidade
solar, solar
guards, guardas
carol's, carol
lincoln, Lincoln
snu, snu
morty, morty
forest, floresta
inspector, inspetor
castle, castelo
governor, governador
context, contexto
margalo, margalo
racist, racista
davis, Davis
transporter, transportador
farrah, farrah
nasa, nasa
astronaut, astronauta
rostenkowski, rostenkowski
amelia, amelia
warren, Warren
inspired, inspirado
azrael, azrael
sh, sh
reporter, repórter
figures, figuras
grenade, Grenade
connected, conectado
romania, roménia
connect, conectar
houston, Houston
epic, épico
john's, John's
disco, discoteca
rumors, rumores
africa, África
francisco, Francisco
organized, organizado
bogdan, bogdan
novel, novela
skunk, Skunk
hank's, Hank's
gonzo, gonzo
tube, tubo
automatically, automaticamente
privileges, privilégios
identity, identidade
inspire, inspirar
expectations, expectativas
porn, pornô
industries, indústrias
exponential, exponencial
lift, lift
administration, administração
conscience, consciência
associates, associados
generator, gerador
remission, remissão
imply, implicar
elliot, Elliot
lunas, luas
incorporated, incorporado
bravo, bravo
procedure, procedimento
accidentally, acidentalmente
ne, ne
paso, passo
assault, assalto
patient, paciente
presence, presença
desperately, desesperadamente
juan, Juan
tremendous, tremendo
extreme, extremo
methamphetamine, metanfetamina
investing, investir
polymer, polímero
resist, resistir
nixon, nixon
abort, abortar
realistic, realista
organic, orgânico
com, com
global, global
curious, curioso
controls, controles
initial, inicial
plants, plantas
ron, ron
compromised, comprometido
professionals, profissionais
liquid, líquido
pine, pinho
lottery, loteria
muffin, muffin
suspended, suspenso
importantly, importante
uniform, uniforme
gina's, de gina
celebrity, celebridade
santiago's, de santiago
mwah, mwah
vodka, vodka
mo, mo
peralta's, de peralta
distracted, distraído
algorithm, algoritmo
definition, definição
atlantic, atlântico
alice, alice
pronounced, pronunciado
ohhh, ohhh
isaac, isaac
proposal, proposta
toot, toot
pajamas, pijamas
cheddar, queijo cheddar
june, junho
commissioner, comissário
ta, ta
va, vai
bine, bin
fi, fi
minsk, Minsk
contract, contrato
allergic, alérgico
spiral, espiral
millionaire, milionário
bam, bam
adventure, aventura
lemonade, limonada
consolation, consolação
canadian, canadense
suspected, suspeito
pimento, pimento
exam, exame
cassie, Cassie
reference, referência
quarters, quartos
romance, romance
har, ha
yoga, ioga
vomit, vomitar
orthodontist, ortodontista
liberty, liberdade
nauseous, nauseante
catholic, católico
tops, tops
elizabeth, elizabeth
farnsworth, farnsworth
dibs, dibs
pornography, pornografia
flexo, flexo
kif, kif
gravity, gravidade
ungrateful, ingrato
infinity, infinidade
tigress, tigresa
kai, kai
dumplings, dumplings
shan, Shan
pandas, pandas
sandwiches, sanduíches
aloha, aloha
nora, nora
simulation, simulação
terminated, terminado
hudson, Hudson
anderson, anderson
lestrade, lestrade
skype, skype
ajay, ajay
violin, violino
nathan, natan
ki, ki
festival, festival
documentary, documentário
hemorrhoid, hemorróida
mulla, mulá
americans, americanos
ketchup, ketchup
lalita, lalita
skeet, skeet
gorilla, gorila
autographed, autografado
bernadette's, de Bernadette
åßíáé, åßíáé
strippers, strippers
tradition, tradição
reverend, reverendo
marge's, Marge's
mabel, mabel
parm, parmesão
duff, duff
brockman, brockman
bongo, bongô
godfrey, Godfrey
elon, elon
collins, collins
rita, rita
buddhist, budista
zway, zway
traitor, traidor
conspiracy, conspiração
oi, oi
dynamite, dinamite
temporarily, temporariamente
poem, poema
swsub, swsub
district, distrito
mustard, mostarda
ronnie, ronnie
instance, instância
deposit, depósito
respond, responder
offered, oferecido
introduced, introduzido
decent, decente
conjecture, conjetura
retard, retardar
waffle, waffle
identify, identificar
constitution, constituição
chances, chances
educating, educando
roaming, roaming
terminal, terminal
experimentation, experimentação
representing, representando
hacker, hacker
blue's, blues
juliet, Julieta
expression, expressão
graduation, graduação
decisions, decisões
jesse's, de jesse
cent, centavo
mass, massa
society, sociedade
reconsidered, reconsiderado
moral, moral
tabo, tabu
condo, condomínio
wolynetz, wolynetz
motivation, motivação
hee, hee
whitman, whitman
grunting, grunhindo
lethal, letal
horas, horas
mã¡ximo, máximo
washington, Washington
graduated, graduado
existed, existia
conviction, convicção
ignorance, ignorância
produce, produzir
include, incluir
joaquin, joaquim
interfere, interferir
confuses, confunde
eternity, eternidade
dee, dee
idiotic, idiota
salvage, salvamento
arizona, arizona
instant, instante
sexist, sexista
immunity, imunidade
europe, Europa
division, divisão
regularly, regularmente
chaos, caos
detention, detenção
susan, susan
ipod, ipod
seminar, seminário
inspiration, inspiração
publicly, publicamente
holt's, Holt's
nerds, nerds
permission, permissão
gah, gah
integrity, integridade
hanukkah, hanukkah
pontiac, pontiac
emotionally, emocionalmente
falcon, falcão
ohh, ohh
hygiene, higiene
herpes, herpes
rex, rex
interrogation, interrogatório
germs, germes
jo, jo
tina, tina
postal, postal
describe, descrever
cultures, culturas
concludes, conclui
rodeo, rodeio
ºi, ºi
italian, italiano
insulting, insultante
intellectual, intelectual
advantage, vantagem
mascot, mascote
crimes, crimes
intense, intenso
genevieve, genevieve
stencil, estêncil
proved, provado
tommy, tommy
planetarium, planetário
sarah, sarah
eleanor, eleanor
controlled, controlada
executive, executivo
sheriff, xerife
cj, cj
escaped, escapou
hologram, holograma
probability, probabilidade
residence, residência
satellite, satélite
dylan, Dylan
betty, betty
condescending, condescendente
han, han
session, sessão
activate, ativar
intelligence, inteligência
actor, ator
vulnerable, vulnerável
valley, vale
extraordinary, extraordinário
map, mapa
wi, wi
civilization, civilização
wong, wong
contain, conter
ritual, ritual
dimension, dimensão
complex, complexo
astronauts, astronautas
chachi, chachi
rum, rum
jill, jill
aii, aii
adults, adultos
ronni, ronni
salmon, salmão
cheech, bochecha
phoebe's, phoebe's
luisa, luisa
diego, Diego
wayne, Wayne
michelle, michelle
leela's, Leela's
species, espécies
religion, religião
limbo, limbo
grunka, grunka
lunka, lunka
comedian, comediante
harold, harold
linda, Linda
argh, argh
mysterious, misterioso
higgins, higgins
martha, marta
rapunzel, Rapunzel
broccoli, brócolis
elephant, elefante
sacrifice, sacrifício
hybrid, híbrido
jade, jade
del, del
vitaly, vitalidade
si, si
alakay, akay
decontamination, descontaminação
electronic, eletrônico
pirate, pirata
unh, unh
sykes, sykes
liz, liz
welsborough, welsborough
vitosilans, vitosilanos
sherlock's, Sherlock's
favourite, favorito
relevant, relevante
barbrady, barbrady
choksondik, choksondik
dukka, dukka
boylan, boylan
participate, participar
toby, toby
einstein's, de einstein
klingon, klingon
electrons, elétrons
hexagonal, hexagonal
murdoch, murdoch
twitter, Twitter
vocal, vocal
albert, alberto
priya, priya
óôï, óôï
êáé, êáé
óå, óå
d'onofrio, d'onofrio
experienced, com experiência
columnist, colunista
pero, pero
entonces, entonces
arts, artes
des, des
glamorous, glamoroso
stratton, stratton
lowrey, lowrey
suspects, suspeitos
drone, drone
guarantee, garantia
monstrosity, monstruosidade
sacramento, sacramento
routine, rotina
wembley, wembley
admire, admirar
shakespeare, shakespeare
discussing, discutindo
positively, positivamente
tiffany, tiffany
dinosaurs, dinossauros
telephone, Telefone
chiral, quiral
identical, idêntico
abq, abq
inventory, inventário
bicycle, bicicleta
jackpot, jackpot
radiation, radiação
carmen, carmem
tuco's, tuco
justifies, justifica
interruptus, interrupção
cerebral, cerebral
listed, listado
disappointment, desapontamento
diesel, diesel
denise, Denise
apocalypse, apocalipse
apd, apd
starbucks, starbucks
expired, expirado
vagina, vagina
prescribe, prescrever
conduct, conduta
singular, singular
regional, regional
winslow, winslow
donald, donald
remove, remover
mentally, mentalmente
dmv, dmv
registered, registrado
adjusts, ajusta
institution, instituição
diagnosed, diagnosticado
mini, mini
contamination, contaminação
qualifications, qualificações
blackjack, blackjack
tomã¡s, tomãs
reconciliation, reconciliação
pi, pi
cathy, cathy
defend, defender
blocks, blocos
aggressive, agressivo
filtration, filtragem
imminent, iminente
cannibalism, canibalismo
talents, talentos
insensitive, insensível
gerber, gerber
vegan, vegano
irs, irs
pharmaceutical, farmacêutico
boetticher's, boetticher's
impatient, impaciente
confusing, confuso
penalty, pena
amigo, amigo
rebecca, rebeca
continental, continental
casa, casa
industry, indústria
cooperation, cooperação
transportation, transporte
sufficient, suficiente
impact, impacto
metric, métrica
associate, associado
joseph, Joseph
fluid, fluido
manhattan, Manhattan
arrogant, arrogante
ratko, ratko
suggestions, sugestões
authentic, autêntico
exploded, explodiu
artistic, artístico
regis, registro
brogan, brogan
jacob, jacob
pfft, pfft
siren, sirene
jurisdiction, jurisdição
error, erro
indicates, indica
defending, defendendo
adventures, aventuras
tourists, turistas
vivian, vivian
vis, vis
article, artigo
lenses, lentes
fort, forte
gene, gene
cone, cone
marco, marco
confessed, confessado
modern, moderno
rosa's, da rosa
interests, interesses
campaign, campanha
conflict, conflito
paranoid, paranóico
marketing, marketing
limits, limites
recommending, recomendando
destroying, destruindo
gluten, glúten
resolution, resolução
îl, îl
acum, acum
tu, tu
aºa, aºa
mea, mea
obiecþie, obiecþie
perfume, perfume
photos, fotos
urine, urina
reputation, reputação
incompetent, incompetente
evans, Evans
informed, informado
agenda, agenda
einstein, einstein
insist, insistir
port, porta
stress, estresse
functional, funcional
cabin, cabine
prostate, próstata
signature, assinatura
ps, ps
november, novembro
sperm, esperma
steven, Steven
william, William
originally, originalmente
casual, casual
nikolaj, nikolaj
cement, cimento
image, imagem
comment, Comente
arch, arco
hup, hup
btsix, btsix
jamboree, jamboree
psst, psst
cha, cha
independent, independente
mango, manga
ramp, rampa
relativity, relatividade
johnson, johnson
poster, poster
spasm, espasmo
abilities, habilidades
link, link
sigrid, sigrid
helena, Helena
cal, cal
harry's, harry's
adele, adele
lippincott, Lippincott
hack, hackear
breslin, breslin
anastasia, Anastasia
curry, Curry
visa, visto
sophisticated, sofisticado
schwang, schwang
'n, 'n
concept, conceito
evolution, evolução
slides, slides
kit, kit
howie's, Howie's
intergalactic, intergaláctico
hermes, Hermes
dunkity, dunkity
parallel, paralelo
atom, átomo
traditional, tradicional
rap, rap
successor, sucessor
philip, Philip
atomic, atômico
supernova, Super Nova
express, expressar
narrator, narrador
origin, origem
mein, mein
caramel, caramelo
memphis, memphis
mystic, místico
aliens, alienígenas
manual, manual
tourist, turista
activated, ativado
mathematics, matemática
grande, grande
concrete, concreto
googley, googley
metallic, metálico
jerry, Jerry
celia, celia
mija, mija
boop, boop
tink, tinir
rodney, rodney
bigweld, bigweld
consul, cônsul
juntao, junta
ang, ang
princesses, princesas
specialist, especialista
sociopath, sóciopata
creature, criatura
condemn, condenar
divine, divino
stu, stud
frederick, Frederico
vegetable, vegetal
denver, Denver
nambla, nambla
rm, rm
burrito, burrito
ignoring, ignorando
religious, religioso
estella, estela
nya, nya
diagrams, diagramas
durka, durka
syndrome, síndrome
karen, Karen
hulk, hulk
harvard, Harvard
yale, yale
zoe, zoe
mend, emendar
redundant, redundante
pelvis, pélvis
doppler, doppler
christy, christy
factor, fator
penn, penn
tangerine, tangerina
cosmological, cosmológico
tested, testado
jiminy, jiminy
embarrass, embaraçar
fil, fil
computers, computadores
justin, justin
s'mores, s'mores
leia, leia
fundamental, fundamental
bazinga, bazinga
prosper, prosperar
lima, lima
determine, determinar
molecular, molecular
coupons, cupons
disney, Disney
princeton, Princeton
ìðïñåß, ìðïñåß
ìïõ, ìïõ
ëýïíáñíô, ëýïíáñíô
åßóáé, åßóáé
ãéá, ãéá
sexually, sexualmente
siri, siri
marathon, maratona
divide, dividir
modify, modificar
marmaduke, marmaduque
skualler, skualler
strex, strex
carl's, Carl's
graou, graou
bah, bah
slot, slot
lars, lars
artist's, do artista
artists, artistas
herschel, herschel
chester, chester
edna, Edna
voop, voop
chong, chong
vip, vip
tsk, tsk
karma, carma
gaga, gagá